"claim_id","claim_statement","claim_type","support_ids","source_or_file_locator","evidence_class","disposition","hypotheses_units_domain","limitations","falsifier_or_next_test"
"AS-CORE-001","SPPT's existing node-edge incidence convention gives whole-network inventory conservation when internal transport cancels and declared reaction weights annihilate the stoichiometric matrix under zero net external source minus escape.","existing SPPT claim","S006","CLAIM_MATRIX.json:SPPT-C001; manuscript/manuscript.md:section 2.3","hand_checked","admit","Finite reservoir and edge sets; dimensionally compatible species inventories and edge fluxes; each internal edge has one -1 tail and one +1 head; declared reaction weights satisfy w^T N=0; external source minus escape is zero for the closed inventory.","Does not cover undeclared sources or sinks, dimension mismatch, or reactions outside the declared nullspace.","Symbolically evaluate the incidence and stoichiometric terms on a nontrivial graph with nonzero boundary fluxes and confirm only the declared weighted invariant survives."
"AS-CORE-002","The existing SPPT constitutive closure has nonnegative local entropy production on its declared force-flux domain when the phenomenological matrix is positive semidefinite.","existing SPPT claim","S006","CLAIM_MATRIX.json:SPPT-C002; manuscript/manuscript.md:section 3.2","hand_checked","admit_with_qualification","Positive semidefinite matrix and declared force-flux units are required; this is not a global thermodynamic proof for every topology. The closure is local and near-equilibrium unless a constitutive law establishes a wider domain.","The result is local and near-equilibrium unless a wider domain is established by the constitutive law; it is not a global nonlinear proof.","Construct a matrix with a negative eigenvalue or an invalid force domain and confirm the gate rejects it."
"AS-CORE-003","The existing periodic-trap solution distinguishes the raw inventory-loop magnitude from the release-normalized loop; only the normalized quantity peaks at omega*tau equal to one.","existing SPPT claim","S006","CLAIM_MATRIX.json:SPPT-C003 and SPPT-C004; manuscript/manuscript.md:section 4.2","independently_reproduced","admit","Steady periodic regime after transients; omega>0 and tau>0; c(t)=c0+c1 cos(omega t); nonzero forcing amplitude for a nonzero loop; the stated signed orientation convention is used.","The analytic trap assumes positive tau, sinusoidal forcing, and the stated sign and loop convention.","Sweep tau over a log grid and compare both loop normalizations against analytic formulas."
"AS-CORE-004","The existing weak-cut relaxation bound requires positive capacities and weighted conductance connectivity.","existing SPPT claim","S006","CLAIM_MATRIX.json:SPPT-C005; manuscript/manuscript.md:section 5.2","hand_checked","admit_with_qualification","Finite undirected conductance graph; every node capacity strictly positive; positive-weight graph connected; cut is a nonempty proper node set; cut conductance is the sum of crossing positive weights.","The bound is not asserted for disconnected graphs, zero capacities, zero-weight cuts, or invalid conductance signs.","Generate disconnected and zero-capacity controls and verify the theorem gate rejects them."
"AS-CORE-005","The existing state-dependent transport derivative is K(1-dTu/dTd) + (Td-Tu)K'(psi)dpsi/dTd; omitting either state-dependence term is valid only under an explicit closure.","existing SPPT claim","S006","CLAIM_MATRIX.json:SPPT-C006; manuscript/manuscript.md:section 5.4","mechanically_replayed","admit_with_qualification","K and psi are differentiable in the declared local domain; Tu may depend on Td and the complete derivative retains dTu/dTd; K is positive in the toy model and temperatures share units.","The derivative requires differentiability and declared transport state; fixed-upper-state and fixed-transport closures are only explicit toy cases.","Automatic differentiation and symbolic differentiation should agree for both fixed and moving upper states, including a nonzero K' term."
"AS-CORE-006","The existing static two-reservoir result is an identifiability statement only for K>0 and an injective radiation law on the physical domain.","existing SPPT claim","S006","CLAIM_MATRIX.json:SPPT-C008 and SPPT-C026; manuscript/manuscript.md:section 9","hand_checked","admit_with_qualification","Declared static two-reservoir closure; fixed conductance K>0; equilibrium exists; Fstar+H lies in the radiation-law range; radiation law is injective on the declared physical temperature domain; forcing is in the declared physical range.","Boundary-only observations can leave transfer-equivalent hidden states; no global topology uniqueness is claimed.","Add a second port or intervention and recompute the equivalence class rather than assuming uniqueness."
"AS-CORE-007","The existing synthetic topology result is a transparent pointwise regression result with preserved negative outcomes, not blinded or external validation.","existing ASTRA claim","S006","CLAIM_MATRIX.json:ASTRA-C011 through ASTRA-C014; scripts/benchmark_ensemble.py; scripts/synthetic_topology_benchmark.py; scripts/generate_astra_figures.py; data/synthetic_topology_ensemble.csv; data/synthetic_topology_ensemble.json; data/inverse_demo_summary.json; data/inverse_objective_landscapes.csv; figures/supplement_figure_S2_single_frequency_degeneracy.png; figures/supplement_figure_S3_multifrequency_localization.png; tests/test_data_integrity.py; tests/test_optimizer.py","mechanically_replayed","admit_with_qualification","Frozen synthetic protocol, benchmark-informed starts, fixed candidate family, and no misspecification claim are part of the result.","The result is synthetic, benchmark-informed, fixed-family regression evidence without empirical, blinded, misspecified, or external validation.","Pre-register a blinded varied-regime successor with held-out truth omission, correlated noise, nonlinear controls, calibration, and failures."
"AS-VAR-001","A mode-resolved interface can augment an ASTRA bookkeeping record with mode, control protocol, and a candidate active-support descriptor without changing the SPPT physical state.","proposed ASTRA variation","S005,S006","METHODS_NOTE.md:section 6; resources/README.md","source_asserted","proposed_only","The tuple is bookkeeping until a typed schema, units, and a constitutive map are supplied.","The bookkeeping tuple does not define a physical flux, a closed model, or a unique active support.","Implement a schema validator and show that an observation-only record cannot enter a physical transport graph without an explicit bridge."
"AS-VAR-002","An active-support kernel a(mu,u,r,t,nu) can be dimensionless on [0,1], with units carried by a declared local response density and integration measure.","proposed ASTRA variation","S005,S006","METHODS_NOTE.md:section 7","hand_checked","proposed_only","A thresholded active set depends on normalization and threshold choice; it is not an ontology.","Kernel scale and threshold are convention-dependent and not uniquely identified by an aggregate response.","Scale the kernel and response inversely while keeping the aggregate response fixed; the verifier should report the gauge-like bookkeeping equivalence."
"AS-VAR-003","Phase matching is a broader audit category than resonance: a controlled trajectory can maintain overlap with a moving response region even when no single fixed-frequency resonance is asserted.","methodological inference","S001,S005","METHODS_NOTE.md:sections 6 and 8","source_asserted","proposed_only","This is a structural comparison, not a claim that plasma wakes, birds, and electrodes share a resonance law.","The cross-case comparison does not imply a shared resonance or constitutive mechanism.","Perturb velocity or phase while preserving average energy and test whether the predicted output changes as the proposed overlap metric predicts."
"AS-VAR-004","Effective support measures may differ by mode: perimeter, exposed area, volume, spacetime trajectory, or spectral coordinate can be the relevant candidate support.","methodological inference","S002,S004,S005","METHODS_NOTE.md:sections 7, 9, and 10","source_asserted","proposed_only","Bird support is unknown and the SNU primary is unresolved; no quantitative geometry law is admitted.","Bird support is unknown and the SNU primary is unresolved; no quantitative geometry law is admitted.","Hold inventory and mean power fixed while independently varying candidate measures and compare preregistered response surfaces."
"AS-VAR-005","Forward and reverse operating modes may use different active supports, so a single symmetric edge should not be assumed from a reversible label.","proposed ASTRA variation","S004,S005","METHODS_NOTE.md:section 10","source_asserted","proposed_only","Requires a resolved electrode primary record and an operational definition of reverse mode.","Reverse-mode support difference is a hypothesis and requires a resolved electrochemical primary record.","Use mass-held-constant matched electrodes and measure morphology, poisoning, migration, and current response in both directions."
"AS-VAR-006","A moving-front coordinate Xi = v_f*tau_int/l_int is dimensionless and can be used as a preregistered design coordinate for an interface-overlap experiment.","proposed experimental coordinate","S005","METHODS_NOTE.md:section 13","hand_checked","proposed_only","A peak near Xi=1 is a hypothesis only; positive speed, time, and length scales plus fixed energy/inventory controls are required.","The Xi peak is untested and requires positive, measured, operationally controlled scales plus fixed energy and inventory.","Vary v_f, tau_int, and l_int independently or measure their effective values and test for a response maximum without tuning the criterion after observing data."
"AS-PRED-001","If active support is causal, matched total input with changed support geometry or waveform should produce a reproducible response difference after nuisance covariates are controlled.","cross-case prediction","S001,S002,S004,S005","METHODS_NOTE.md:section 12","source_asserted","proposed_only","The statement is conditional and domain-specific; it does not predict the sign or magnitude of an effect.","The prediction is conditional on support being causal and nuisance controls being adequate; effect sign and size are unspecified.","A preregistered support-scramble control should erase or sharply reduce the effect while preserving total input."
"AS-PRED-002","If phase matching is causal in the flying-focus case, mismatch should shorten effective acceleration overlap and create measurable stalling, dephasing, or beam-quality degradation.","case-specific prediction","S001,S005","METHODS_NOTE.md:sections 8 and 12","source_asserted","proposed_only","The article already reports simulated stalling and density sensitivity; the proposed test is an independent validation, not a new result.","The article reports an experiment and simulation, but an independent phase trace and held-out scaling test are not reproduced here.","Measure wake velocity and bunch position independently across density and focal-velocity sweeps; failure of the predicted relation weakens the audit, not SPPT itself."
"AS-PRED-003","A factorial waveform experiment would test whether a bird RF response depends on sideband, duty, rise time, RMS power, or other waveform coordinates rather than peak field alone, under a stated detector hypothesis.","case-specific prediction","S002,S003,S005","METHODS_NOTE.md:sections 9 and 12","source_asserted","proposed_only","Behavioral disorientation in a funnel is not free-flight navigation and does not identify a receptor.","Funnel behavior does not identify a receptor or general navigation mechanism; waveform and biological controls remain open.","Blind factorial RF conditions and pair behavior with field logging, retinal/vestibular perturbations, and neural or receptor-localization measures."
"AS-PRED-004","If electrode activity follows a geometry-dependent support, independent changes in interface perimeter and exposed area should produce different ORR and OER response slopes at fixed metal mass and controlled aging.","case-specific prediction","S004,S005","METHODS_NOTE.md:sections 10 and 12","source_asserted","deferred","The exact SNU primary record and rights are unresolved; no numerical slope or commercial scaling claim is admitted.","The primary record, exact geometry, and rights are unresolved; no numerical slope or commercial scaling claim is admitted.","Resolve the primary paper, then run mass-held-constant geometry and long-duration aging controls."
"AS-PRED-005","A mode-specific ASTRA observation record must not become an SPPT physical transport edge without an explicit constitutive operator, dimensional bridge, calibration, and a falsifiable prediction.","governance/physics boundary","S006,S005","CLAIM_MATRIX.json:SPPT-C023 and ASTRA-C021; METHODS_NOTE.md:section 11","hand_checked","admit","Observation, archive, and certificate layers can be coupled in an inference workflow without being physical flux.","Observation and certificate records may inform inference but cannot substitute for constitutive closure.","Attempt an invalid edge substitution in the schema and require rejection with a missing-bridge reason."
"AS-PRED-006","The audited evidence set does not establish a common mechanism, dark-matter identity, dark-matter origin, dark-matter purpose, or planetary validation of SPPT.","negative scope claim","S001,S002,S003,S004,S005,S006","METHODS_NOTE.md:sections 2 and 16","hand_checked","admit","This is a boundary on the present evidence set, not a proof that such connections are impossible.","This negative scope statement is not a proof of impossibility; it describes the present evidence set only.","Any future cross-domain claim must supply an operator, units, model-specific data, null controls, and independent replication before admission."
"AS-GAP-001","The SNU silver/perovskite primary citation, exact material geometry, and rights remain unresolved in this draft.","source and rights gap","S004","source_ledger.csv:S004; METHODS_NOTE.md:sections 10 and 20","source_asserted","deferred","The institutional summary URL alone cannot support publisher-level details or redistribution.","No source-level claim is admitted from the unresolved institutional summary.","Locate the primary DOI/authors/version and update the source ledger before using the case in a release."
"AS-GAP-002","The active-support notation has no demonstrated global well-posedness, uniqueness, Bayesian calibration, or transfer across domains.","mathematical limitation","S005,S006","METHODS_NOTE.md:sections 5, 12, and 20","hand_checked","deferred","The notation is a proposed interface and requires a domain-specific forward model.","No well-posedness, uniqueness, Bayesian calibration, or cross-domain transfer result is supplied.","Supply a typed implementation with dimensions, priors, likelihood, nuisance model, and an independently reproduced calibration case."
"AS-PROV-001","The supplied synthesis and AI-assisted drafting are provenance records, not independent scientific evidence or external peer review.","provenance boundary","S005,S006","README.md; draft_metadata.json; METHODS_NOTE.md:section 22","source_asserted","admit_with_qualification","Human responsibility and rights authority remain separate from model assistance.","Provenance and AI assistance do not establish scientific correctness, authorship, or rights ownership.","Retain the source hash and keep cited works and private conversation material outside the release package unless separately authorized."
"AS-CORE-008","The ideal classical heterogeneous-nucleation barrier is multiplied by the stated substrate wetting factor for the spherical-cap case.","existing SPPT claim","S006","CLAIM_MATRIX.json:SPPT-C007; manuscript/manuscript.md:section 7.4, equations 34-35","hand_checked","admit_with_qualification","Classical nucleation approximation with nonzero bulk driving free-energy density; spherical-cap nucleus on a planar substrate; isotropic interfacial tensions; negligible line tension; positive interfacial parameters; contact angle measured through the nucleating phase in 0<=theta<=pi; stated supersaturation domain.","The result is not a general law for rough, anisotropic, dynamic, nonclassical, or chemically heterogeneous substrates.","Vary contact angle and substrate chemistry while measuring barrier or rate, then compare with the declared cap model."
"AS-CORE-009","The existing graph, guard, and reset equations provide proposed syntax for topology-changing phase-reservoir models.","existing SPPT claim","S006","CLAIM_MATRIX.json:SPPT-C009; manuscript/manuscript.md:sections 5.4-6, equations 29-30","source_asserted","proposed_only","Finite graph syntax; model-specific flows, guards, and reset maps are supplied before use; event ordering is declared for each application.","The syntax remains inadequate until a hybrid-system domain, event ordering, reset map, and well-posedness conditions are supplied; it is not a theorem of existence, uniqueness, closure, or non-Zeno behavior.","Construct conflicting guards and a reset discontinuity and require an explicit rejection or resolution policy."
"AS-CORE-010","The ideal four-electron CO2-to-carbon throughput and reversible-power scales follow from Faraday's law and the supplied standard-state electrochemical free energy.","existing SPPT claim","S006","CLAIM_MATRIX.json:SPPT-C010; manuscript/manuscript.md:sections 7.1-7.3, equations 31-33","independently_reproduced","admit_with_qualification","Four electrons per CO2; declared Faradaic efficiency in (0,1]; standard-state delta G is used only as an ideal minimum; positive current direction is supplied electrical work; current, mass-throughput, energy, and power units are compatible.","The ideal reversible conversion omits kinetics, overpotential, transport, side reactions, and cell losses; it is not latent heat or spontaneous planetary sequestration.","Recompute charge, molar throughput, and reversible power independently and compare with a nonideal polarization model."
