claim_id,claim_type,scope,evidence_status,evidence_class,disposition,claim,primary_support,falsifier_or_demotion_condition
SCI-C001,mathematical,finite-dimensional linear algebra,Established,hand_checked,admit,"For ordinary finite-dimensional operators, Tr([A,B])=0; a trace-of-commutator equation cannot serve as a generic measurement expectation.","src/astra_sector_complete.py; tests/test_sector_complete.py","A nonstandard trace/domain must be explicitly specified; otherwise the claim stands."
SCI-C002,mathematical,quantum measurement formalism,Established,hand_checked,admit,"An unconditioned measurement probability can be written p(d|rho,Gamma,u)=Tr[M_d E_{Gamma,u}(rho)] for a CPTP map and POVM.","source module; standard formalism encoded in src/astra_sector_complete.py","Demote if the modeled process is not an unconditioned quantum channel/POVM experiment."
SCI-C003,mathematical,postselected quantum measurement,Established,hand_checked,admit,"A selected branch requires a completely positive trace-nonincreasing quantum instrument, with branch probability Tr[E_d(rho)].","source module","Demote if no postselection or branch conditioning occurs."
SCI-C004,methodological,ASTRA instrument audits,Strong inference,source_asserted,admit_with_qualification,"Carrier, sector, interface state, control route, observable basis, calibration, exchange ledger, unresolved-sector bounds, inversion, and rejection test should be typed separately.","supplied methods audit; schema/sector_complete_instrument.schema.json","A simpler schema must show equal or better error detection and auditability on held-out cases."
SCI-C005,methodological,sector completeness,Strong inference,source_asserted,admit_with_qualification,"Sector-complete means enumerating plausible sectors, measuring or bounding each, and reporting the remaining generator equivalence classes; it does not mean measuring every imaginable sector.","supplied methods audit; source module","Demote if the definition permits claims finer than the declared observational quotient."
SCI-C006,synthetic,ideal local observation,Established,mechanically_replayed,admit,"In the frozen four-generator benchmark, the local POVM leaves absorb and string_transmit exactly equivalent.","data/sector_complete_benchmark.json; figure_01; tests","Any reproduced response matrix that separates those columns under the same frozen model."
SCI-C007,synthetic,ideal sector-complete observation,Established,mechanically_replayed,admit,"In the frozen four-generator benchmark, the declared sector-complete POVM separates all four generators.","data/sector_complete_benchmark.json; figure_02; tests","Any reproduced response matrix with a non-singleton equivalence class under the same frozen model."
SCI-C008,synthetic,identifiability,Established,mechanically_replayed,admit,"With 2% symmetric detector confusion, the local mixture Fisher matrix has rank 2 and the sector-complete matrix has rank 3 on the three-dimensional simplex parameterization.","data/sector_complete_benchmark.json; figure_03; tests","Reproduction with the frozen matrix yielding different ranks."
SCI-C009,synthetic,information diagnostic,Established,mechanically_replayed,admit_with_qualification,"Under a uniform generator prior, ideal local and sector-complete mutual information are 1.5 and 2.0 bits; with 2% detector confusion they are 1.343487 and 1.853974 bits.","data/sector_complete_benchmark.json; figure_04","The values are prior- and model-dependent diagnostics, not certificates or universal information measures."
SCI-C010,synthetic,classification,Established,mechanically_replayed,admit_with_qualification,"At 600 samples per generator and 400 replicates, frozen local classification accuracy is 0.7525 while sector-complete accuracy is 1.0.","data/sector_complete_benchmark.json; figures 07-08","Reproduction with the frozen seed and code yielding different values; this is not external validation."
SCI-C011,synthetic,model mismatch control,Established,mechanically_replayed,admit_with_qualification,"The declared out-of-set hybrid is rejected by the four-pure-generator candidate set using a best-of-four selection-adjusted diagnostic bound.","data/sector_complete_benchmark.json; tests","A reproduced selection-adjusted upper bound >=0.001, or a change in the candidate-selection procedure, demotes this result."
SCI-C012,synthetic,conservation ledger,Established,mechanically_replayed,admit_with_qualification,"The benchmark preserves trace and one global excitation in the enlarged state space; energy and charge are not modeled.","data/sector_complete_benchmark.json; tests","A reproduced trace or excitation expectation differing from one, or any physical-energy interpretation, requires correction."
SCI-C013,interpretive,duality-defect bridge,Strong inference,source_asserted,admit_with_qualification,"The valid bridge from the cited duality-defect work to ASTRA is methodological: local observables can be incomplete when a specified state migrates into a specified nonlocal/interface sector.","supplied methods audit; SRC-QT-002","A direct empirical bridge to another ontology would require a specified interaction and independent detection."
SCI-C014,interpretive,dark matter,Unsupported,source_asserted,rejected,"The four quantum/nuclear reports identify the physical identity, origin, or purpose of dark matter.","supplied methods audit","This claim remains rejected unless a concrete interaction model and reproducible multi-sector signal are supplied."
SCI-C015,methodological,dark matter,Strong inference,source_asserted,proposed_only,"Any dark-sector ASTRA bridge should remain proposed_only until interaction, abundance, response, nuisance, multi-sector prediction, preregistration, and falsifiable null are specified.","templates/dark_matter_hidden_sector_proposed_only.json; supplied methods audit","A validated empirical interaction chain could promote a specific record, not the general analogy."
SCI-C016,provenance,source scope,Established,hand_checked,admit_with_qualification,"This local milestone does not reproduce the cited experiments from raw data or independently verify every version-of-record asset.","source/source_map.csv; verification/LOCAL_AUDIT.md","A later raw-data and version-of-record audit would update this status."
SCI-C017,external precision metrology,ultralight dark matter null search,Bounded null,externally_published,admit_with_qualification,"Amaral et al. report no anticipated signal and a model-specific B-L upper limit in a narrow mass range using a superconducting-trap levitated magnet.","SRC-QT-005; https://arxiv.org/abs/2409.03814; DOI 10.1103/PhysRevLett.134.251001","Do not generalize to all dark matter, particle identity, universal exclusion, or ASTRA/SPPT validation; force sensitivity and confidence assumptions must remain attached."
SCI-C018,external precision metrology,room-temperature magnetometry,Observed metrology,source_asserted,admit_with_qualification,"Ji et al. report approximately 32 fT/sqrt(Hz) LeMaMa field sensitivity near the stated resonance in an ambient room-temperature levitated sensor.","SRC-QT-006; https://arxiv.org/abs/2504.21524","This is an arXiv preprint record, not an independently checked version-of-record; it is not a dark-matter observation or limit, and no independent sensor calibration or raw-data replay is included."
SCI-C019,external precision metrology,spin-spin-velocity interaction bounds,Accepted record,source_asserted,admit_with_qualification,"Tian et al. report model-dependent 95%-CL V6/V14 spin-spin-velocity bounds using a levitated-magnet force sensor and magnetic shielding, with no positive exotic signal reported in the accepted record.","SRC-QT-007; https://journals.aps.org/prl/accepted/10.1103/35c1-ylnx","Accepted status is not version-of-record verification; do not call this a dark-matter detection or convert it into a planetary transport term."
SCI-C020,methodological,magnet-to-ASTRA bridge,Guardrail,hand_checked,proposed_only,"A levitated-magnet result can inform ASTRA's observation/certificate layer only after its observable, calibration, units, likelihood, nuisance controls, and searched domain are typed; it is not a physical SPPT edge.","source/ASTRA_Sector_Complete_Instrument_Module_v0.1.0-alpha.1.md; SCI-C017-SCI-C019","Any proposed adapter lacking an operator-to-detector map, multi-sector predictions, and a falsifiable null remains deferred."
